file,category,k,rotation_deg,d16a_error,mf_error,p2v2_error,mean_error,std_error
bathtub/bathtub_0098.ply,2_fronts,2,334.41,78.75,88.94,53.32,73.67,14.98
chair/chair_0089.ply,1_front,1,271.90,178.10,177.56,175.34,177.00,1.20
chair/chair_0065.ply,1_front,1,248.35,135.85,161.07,132.26,143.06,12.82
glass_box/glass_box_0024.ply,4_fronts,4,256.66,51.67,21.40,28.30,33.79,12.95
airplane/airplane_0089.ply,1_front,1,143.64,98.64,38.70,21.36,52.90,33.11
chair/chair_0799.ply,1_front,1,241.81,129.31,129.23,126.74,128.42,1.19
chair/chair_0412.ply,1_front,1,134.43,90.57,88.69,92.61,90.62,1.60
chair/chair_0688.ply,1_front,1,323.86,81.14,71.17,74.73,75.68,4.12
glass_box/glass_box_0236.ply,4_fronts,4,162.54,39.96,34.96,37.17,37.36,2.05
airplane/airplane_0102.ply,1_front,1,89.25,0.75,125.85,134.87,87.16,61.21
glass_box/glass_box_0138.ply,4_fronts,4,23.05,44.45,31.17,41.89,39.17,5.75
glass_box/glass_box_0050.ply,4_fronts,4,7.57,67.50,16.53,15.20,33.08,24.35
bench/bench_0128.ply,2_fronts,2,199.41,78.75,50.66,42.82,57.41,15.43
chair/chair_0568.ply,1_front,1,211.84,76.84,60.55,65.40,67.59,6.83
bookshelf/bookshelf_0278.ply,2_fronts,2,2.59,78.75,89.60,8.13,58.82,36.12
chair/chair_0936.ply,1_front,1,254.82,119.82,171.84,148.60,146.75,21.28
chair/chair_0446.ply,1_front,1,21.19,66.19,43.68,47.85,52.57,9.78
bathtub/bathtub_0012.ply,1_front,1,24.26,133.24,35.37,129.54,99.38,45.29
chair/chair_0057.ply,1_front,1,11.31,33.81,23.90,25.26,27.65,4.39
bookshelf/bookshelf_0178.ply,1_front,1,118.95,128.55,105.93,34.21,89.56,40.21
chair/chair_0948.ply,1_front,1,185.10,5.10,7.06,12.26,8.14,3.02
chair/chair_0421.ply,1_front,1,100.25,147.25,177.58,154.94,159.92,12.88
bathtub/bathtub_0137.ply,2_fronts,2,174.75,50.25,84.37,12.09,48.90,29.52
chair/chair_0074.ply,1_front,1,194.12,53.38,32.32,19.62,35.11,13.92
bathtub/bathtub_0061.ply,2_fronts,2,260.41,78.75,88.58,20.88,62.74,29.87
chair/chair_0048.ply,1_front,1,317.66,87.34,104.80,85.48,92.54,8.70
glass_box/glass_box_0091.ply,4_fronts,4,207.44,33.75,28.73,34.22,32.23,2.48
bookshelf/bookshelf_0160.ply,2_fronts,2,87.48,78.75,89.19,3.12,57.02,38.35
glass_box/glass_box_0103.ply,4_fronts,4,170.27,37.85,17.96,21.52,25.78,8.66
chair/chair_0240.ply,1_front,1,146.54,55.96,82.50,73.27,70.58,11.00
chair/chair_0155.ply,1_front,1,33.96,78.96,75.45,70.47,74.96,3.48
chair/chair_0620.ply,1_front,1,237.23,102.23,122.32,108.69,111.08,8.37
bench/bench_0045.ply,2_fronts,2,127.55,78.75,87.80,75.91,80.82,5.07
chair/chair_0460.ply,1_front,1,148.00,54.50,60.12,69.37,61.33,6.13
chair/chair_0782.ply,1_front,1,310.98,94.02,94.82,99.64,96.16,2.48
glass_box/glass_box_0216.ply,4_fronts,4,19.50,56.25,35.30,44.45,45.33,8.57
chair/chair_0943.ply,1_front,1,235.24,100.24,119.13,113.86,111.08,7.96
glass_box/glass_box_0188.ply,4_fronts,4,232.62,7.62,19.04,14.99,13.89,4.73
chair/chair_0227.ply,1_front,1,21.82,135.68,45.70,48.23,76.54,41.83
chair/chair_0472.ply,1_front,1,262.16,172.16,160.97,163.19,165.44,4.84
chair/chair_0342.ply,1_front,1,288.21,139.29,144.45,142.53,142.09,2.13
chair/chair_0371.ply,1_front,1,39.34,84.34,74.98,82.98,80.77,4.13
chair/chair_0216.ply,1_front,1,68.97,136.47,139.95,135.34,137.26,1.96
chair/chair_0978.ply,1_front,1,193.06,35.56,27.64,25.63,29.61,4.29
airplane/airplane_0167.ply,1_front,1,50.47,84.53,101.57,89.75,91.95,7.13
airplane/airplane_0057.ply,1_front,1,66.06,46.44,128.42,100.54,91.80,34.03
bookshelf/bookshelf_0223.ply,1_front,1,166.55,13.45,43.90,149.16,68.84,58.14
wardrobe/wardrobe_0094.ply,1_front,1,314.81,89.81,89.95,87.59,89.12,1.08
bookshelf/bookshelf_0032.ply,2_fronts,2,27.14,78.75,88.68,56.18,74.53,13.60
chair/chair_0045.ply,1_front,1,290.89,136.61,150.62,138.49,141.91,6.21
chair/chair_0459.ply,1_front,1,308.15,96.85,102.82,103.67,101.11,3.03
glass_box/glass_box_0094.ply,4_fronts,4,35.25,9.75,16.65,17.61,14.67,3.50
chair/chair_0437.ply,1_front,1,234.77,99.77,121.16,96.99,105.97,10.80
bench/bench_0091.ply,2_fronts,2,194.61,82.11,70.89,34.41,62.47,20.36
chair/chair_0772.ply,1_front,1,5.31,27.81,9.46,16.07,17.78,7.59
bookshelf/bookshelf_0126.ply,1_front,1,33.57,56.07,79.74,70.05,68.62,9.71
airplane/airplane_0116.ply,1_front,1,271.28,1.28,179.21,38.66,73.05,76.60
bookshelf/bookshelf_0104.ply,2_fronts,2,85.10,78.75,89.48,8.78,59.01,35.78
airplane/airplane_0140.ply,1_front,1,146.31,101.31,64.63,74.74,80.23,15.47
bench/bench_0070.ply,2_fronts,2,173.29,6.71,88.25,15.10,36.69,36.62
bench/bench_0172.ply,2_fronts,2,311.27,78.75,49.30,80.41,69.49,14.29
chair/chair_0480.ply,1_front,1,324.88,80.12,69.89,70.79,73.60,4.62
bookshelf/bookshelf_0272.ply,2_fronts,2,59.27,78.75,89.96,62.43,77.05,11.30
chair/chair_0920.ply,1_front,1,0.78,23.28,29.65,3.94,18.96,10.93
glass_box/glass_box_0213.ply,4_fronts,4,140.55,5.55,16.38,11.27,11.07,4.42
chair/chair_0316.ply,1_front,1,333.55,48.95,59.29,55.16,54.47,4.25
bench/bench_0028.ply,1_front,1,282.65,12.65,160.57,156.82,110.01,68.87
bench/bench_0174.ply,2_fronts,2,102.69,78.75,89.92,25.80,64.82,27.97
chair/chair_0816.ply,1_front,1,250.77,138.27,147.20,141.17,142.22,3.72
chair/chair_0674.ply,1_front,1,262.98,172.98,149.18,164.38,162.18,9.84
chair/chair_0578.ply,1_front,1,282.01,169.51,167.86,177.16,171.51,4.05
chair/chair_0350.ply,1_front,1,238.27,103.27,118.56,116.87,112.90,6.84
bookshelf/bookshelf_0069.ply,1_front,1,175.20,4.80,31.33,155.50,63.88,65.69
bookshelf/bookshelf_0242.ply,2_fronts,2,68.36,78.75,89.85,43.40,70.67,19.81
bench/bench_0124.ply,1_front,1,78.37,34.13,31.67,30.80,32.20,1.41
chair/chair_0474.ply,1_front,1,21.05,43.55,43.37,43.92,43.62,0.23
chair/chair_0167.ply,1_front,1,264.87,174.87,165.95,168.12,169.65,3.80
chair/chair_0866.ply,1_front,1,21.94,44.44,26.99,47.69,39.71,9.09
bookshelf/bookshelf_0273.ply,1_front,1,112.90,134.60,139.58,45.36,106.51,43.29
glass_box/glass_box_0027.ply,4_fronts,4,18.05,40.55,31.48,40.30,37.44,4.22
chair/chair_0959.ply,1_front,1,171.64,8.36,23.06,17.07,16.16,6.04
glass_box/glass_box_0248.ply,4_fronts,4,330.98,52.99,27.15,30.85,37.00,11.41
glass_box/glass_box_0242.ply,4_fronts,4,191.21,50.60,22.01,23.37,32.00,13.17
bathtub/bathtub_0149.ply,2_fronts,2,20.48,78.75,88.11,40.70,69.19,20.50
bench/bench_0142.ply,1_front,1,182.82,177.18,4.77,171.74,117.90,80.02
bench/bench_0108.ply,2_fronts,2,306.48,81.48,84.88,71.72,79.36,5.58
bench/bench_0058.ply,2_fronts,2,24.67,78.75,88.13,51.75,72.88,15.42
bookshelf/bookshelf_0122.ply,1_front,1,24.47,133.03,27.85,54.45,71.78,44.66
bench/bench_0051.ply,2_fronts,2,310.25,78.75,60.00,82.16,73.64,9.75
glass_box/glass_box_0163.ply,4_fronts,4,145.36,33.75,83.84,22.44,46.68,26.68
chair/chair_0797.ply,1_front,1,338.97,43.53,21.00,46.78,37.10,11.46
airplane/airplane_0135.ply,1_front,1,205.08,47.58,50.07,20.06,39.24,13.60
bookshelf/bookshelf_0081.ply,1_front,1,208.41,50.91,77.69,113.79,80.80,25.76
chair/chair_0770.ply,1_front,1,14.31,36.81,21.68,33.35,30.61,6.47
bookshelf/bookshelf_0197.ply,2_fronts,2,29.51,78.75,86.54,63.45,76.25,9.59
glass_box/glass_box_0237.ply,4_fronts,4,236.65,50.83,21.40,23.01,31.75,13.51
wardrobe/wardrobe_0070.ply,2_fronts,2,203.48,89.02,58.46,52.10,66.53,16.11
chair/chair_0281.ply,1_front,1,113.89,133.61,174.70,125.12,144.48,21.65
glass_box/glass_box_0200.ply,4_fronts,4,93.88,39.38,12.83,8.15,20.12,13.75
chair/chair_0806.ply,1_front,1,241.10,106.10,124.67,120.56,117.11,7.96
airplane/airplane_0068.ply,1_front,1,113.11,134.39,149.35,67.56,117.10,35.56
bookshelf/bookshelf_0216.ply,1_front,1,95.62,151.88,161.95,168.32,160.72,6.77
chair/chair_0927.ply,1_front,1,47.12,92.12,95.49,96.87,94.83,2.00
airplane/airplane_0210.ply,1_front,1,232.38,97.38,102.10,177.00,125.49,36.47
airplane/airplane_0181.ply,1_front,1,164.60,37.90,30.34,115.07,61.11,38.29
chair/chair_0826.ply,1_front,1,334.45,131.95,68.82,52.81,84.52,34.16
chair/chair_0217.ply,1_front,1,336.86,45.64,44.71,50.12,46.82,2.36
bathtub/bathtub_0088.ply,2_fronts,2,3.35,78.75,89.39,6.57,58.24,36.79
chair/chair_0127.ply,4_fronts,4,223.62,45.69,88.85,0.31,44.95,36.15
chair/chair_0545.ply,1_front,1,202.68,45.18,31.43,40.07,38.90,5.67
chair/chair_0976.ply,1_front,1,35.99,80.99,74.53,72.23,75.92,3.71
bookshelf/bookshelf_0107.ply,2_fronts,2,193.55,78.75,88.98,33.18,66.97,24.26
chair/chair_0784.ply,1_front,1,182.12,2.12,7.56,5.03,4.90,2.22
chair/chair_0088.ply,1_front,1,47.68,115.18,104.42,97.78,105.79,7.17
bench/bench_0036.ply,2_fronts,2,125.64,78.75,83.00,71.77,77.84,4.63
chair/chair_0283.ply,1_front,1,24.76,132.74,44.98,52.24,76.65,39.77
chair/chair_0685.ply,1_front,1,87.94,177.94,177.09,172.84,175.95,2.23
chair/chair_0095.ply,1_front,1,102.60,77.40,163.89,162.73,134.67,40.50
airplane/airplane_0142.ply,1_front,1,157.75,44.75,45.52,30.07,40.11,7.11
flower_pot/flower_pot_0010.ply,4_fronts,4,195.56,39.38,33.27,34.16,35.60,2.69
bench/bench_0033.ply,2_fronts,2,108.91,78.75,89.52,38.97,69.08,21.74
airplane/airplane_0097.ply,1_front,1,354.19,16.69,161.24,172.65,116.86,70.98
glass_box/glass_box_0250.ply,4_fronts,4,290.56,55.28,78.45,44.29,59.34,14.24
bench/bench_0175.ply,2_fronts,2,190.42,78.75,88.86,25.12,64.24,27.97
bench/bench_0065.ply,1_front,1,240.43,52.07,73.35,86.09,70.50,14.03
bench/bench_0037.ply,2_fronts,2,199.66,78.75,89.25,43.95,70.65,19.36
airplane/airplane_0034.ply,1_front,1,335.43,47.07,42.08,6.64,31.93,18.00
airplane/airplane_0061.ply,1_front,1,37.29,97.71,68.30,77.43,81.14,12.29
bookshelf/bookshelf_0249.ply,1_front,1,316.13,88.87,93.18,91.71,91.25,1.79
airplane/airplane_0076.ply,1_front,1,95.21,5.21,138.89,157.83,100.64,67.92
chair/chair_0899.ply,1_front,1,320.30,84.70,75.28,79.41,79.80,3.86
chair/chair_0851.ply,1_front,1,267.27,177.27,167.46,177.66,174.13,4.72
glass_box/glass_box_0002.ply,4_fronts,4,55.96,50.48,27.04,23.77,33.76,11.90
chair/chair_0176.ply,1_front,1,101.43,168.57,132.06,156.46,152.36,15.18
chair/chair_0228.ply,1_front,1,75.83,165.83,147.60,149.54,154.32,8.17
chair/chair_0234.ply,1_front,1,123.44,124.06,102.59,111.97,112.88,8.79
bathtub/bathtub_0140.ply,2_fronts,2,247.50,78.75,89.92,48.32,72.33,17.58
chair/chair_0082.ply,1_front,1,307.05,97.95,107.51,104.00,103.16,3.95
glass_box/glass_box_0145.ply,4_fronts,4,181.95,34.72,3.41,3.43,13.85,14.76
bathtub/bathtub_0143.ply,2_fronts,2,90.40,79.15,88.51,0.03,55.90,39.69
chair/chair_0067.ply,1_front,1,326.94,55.56,64.00,69.05,62.87,5.56
chair/chair_0509.ply,1_front,1,18.29,40.79,43.78,38.37,40.98,2.21
airplane/airplane_0211.ply,1_front,1,228.34,93.34,101.87,38.94,78.05,27.87
bookshelf/bookshelf_0276.ply,2_fronts,2,298.57,51.07,89.81,57.02,65.96,17.04
bookshelf/bookshelf_0007.ply,1_front,1,15.87,141.63,39.07,44.71,75.14,47.07
chair/chair_0170.ply,1_front,1,120.08,127.42,133.60,121.36,127.46,5.00
bookshelf/bookshelf_0119.ply,1_front,1,47.10,87.90,168.64,140.83,132.46,33.49
bench/bench_0006.ply,2_fronts,2,352.73,78.75,89.33,14.40,60.83,33.11
bench/bench_0103.ply,1_front,1,58.17,125.67,109.36,29.97,88.33,41.80
glass_box/glass_box_0205.ply,4_fronts,4,159.06,43.44,39.31,43.33,42.03,1.92
bench/bench_0048.ply,1_front,1,254.04,164.04,170.83,36.78,123.88,61.66
glass_box/glass_box_0110.ply,4_fronts,4,201.93,39.38,12.09,43.03,31.50,13.81
wardrobe/wardrobe_0072.ply,2_fronts,2,40.27,78.75,50.61,84.13,71.16,14.70
glass_box/glass_box_0132.ply,4_fronts,4,340.22,42.28,37.18,42.30,40.59,2.41
bookshelf/bookshelf_0135.ply,2_fronts,2,248.77,78.75,85.74,40.04,68.18,20.10
bookshelf/bookshelf_0137.ply,1_front,1,53.66,121.16,114.88,119.05,118.36,2.61
chair/chair_0606.ply,1_front,1,12.97,35.47,16.73,33.71,28.64,8.45
chair/chair_0671.ply,1_front,1,132.92,69.58,142.19,104.53,105.43,29.65
chair/chair_0725.ply,1_front,1,198.91,41.41,34.72,38.41,38.18,2.74
chair/chair_0203.ply,1_front,1,154.72,47.78,55.15,53.81,52.24,3.21
glass_box/glass_box_0149.ply,4_fronts,4,15.06,37.56,27.94,35.11,33.54,4.08
glass_box/glass_box_0044.ply,4_fronts,4,131.27,3.73,9.64,7.82,7.06,2.47
wardrobe/wardrobe_0008.ply,1_front,1,335.91,46.59,47.11,50.29,48.00,1.64
chair/chair_0069.ply,1_front,1,349.99,10.01,8.92,22.83,13.92,6.32
chair/chair_0603.ply,1_front,1,14.36,36.86,35.63,32.83,35.11,1.69
chair/chair_0153.ply,1_front,1,128.81,73.69,21.30,109.67,68.22,36.28
bookshelf/bookshelf_0152.ply,1_front,1,245.54,133.04,146.91,44.27,108.07,45.47
bookshelf/bookshelf_0187.ply,2_fronts,2,240.10,78.75,86.56,57.58,74.30,12.24
chair/chair_0035.ply,1_front,1,127.32,97.68,101.12,104.61,101.14,2.83
bench/bench_0009.ply,2_fronts,2,201.56,78.75,89.89,44.54,71.06,19.30
chair/chair_0544.ply,1_front,1,314.90,90.10,56.83,90.41,79.11,15.76
chair/chair_0807.ply,1_front,1,350.58,9.42,6.45,15.39,10.42,3.72
bookshelf/bookshelf_0190.ply,2_fronts,2,269.81,78.75,87.37,10.70,58.94,34.29
bookshelf/bookshelf_0026.ply,2_fronts,2,333.27,78.75,88.01,59.96,75.57,11.67
chair/chair_0931.ply,1_front,1,85.23,175.23,157.22,167.13,166.53,7.36
bathtub/bathtub_0058.ply,2_fronts,2,58.50,78.75,88.24,61.06,76.02,11.26
chair/chair_0175.ply,1_front,1,287.96,139.54,161.95,143.99,148.49,9.69
chair/chair_0932.ply,1_front,1,63.74,131.24,128.21,138.60,132.68,4.36
airplane/airplane_0187.ply,1_front,1,148.43,76.57,39.48,175.82,97.29,57.55
chair/chair_0868.ply,1_front,1,64.57,132.07,117.22,126.51,125.26,6.13
airplane/airplane_0093.ply,1_front,1,332.82,49.68,41.67,20.46,37.27,12.33
bathtub/bathtub_0114.ply,1_front,1,281.66,168.34,120.27,28.00,105.54,58.23
bookshelf/bookshelf_0188.ply,1_front,1,148.22,54.28,63.28,120.64,79.40,29.39
chair/chair_0689.ply,1_front,1,241.17,128.67,125.29,123.10,125.68,2.29
chair/chair_0209.ply,1_front,1,264.62,174.62,164.06,171.71,170.13,4.45
chair/chair_0414.ply,1_front,1,89.34,179.34,178.17,176.83,178.11,1.02
glass_box/glass_box_0238.ply,4_fronts,4,57.31,40.44,20.84,23.03,28.10,8.77
bookshelf/bookshelf_0014.ply,1_front,1,252.46,139.96,175.40,31.90,115.75,61.03
chair/chair_0373.ply,1_front,1,137.72,115.22,68.75,88.85,90.94,19.02
wardrobe/wardrobe_0073.ply,2_fronts,2,13.94,36.44,45.00,30.01,37.15,6.14
chair/chair_0290.ply,1_front,1,169.45,10.55,10.96,25.04,15.52,6.73
chair/chair_0617.ply,1_front,1,71.85,40.65,161.92,127.72,110.10,51.05
wardrobe/wardrobe_0084.ply,2_fronts,2,330.64,71.89,70.11,58.74,66.91,5.83
airplane/airplane_0217.ply,1_front,1,125.88,80.88,100.33,136.09,105.77,22.87
bench/bench_0168.ply,2_fronts,2,295.39,78.75,86.43,49.98,71.72,15.69
wardrobe/wardrobe_0055.ply,1_front,1,313.68,113.82,92.14,120.46,108.81,12.10
chair/chair_0322.ply,1_front,1,80.25,147.75,127.11,150.41,141.76,10.41
bathtub/bathtub_0018.ply,2_fronts,2,237.61,78.75,85.30,70.06,78.04,6.24
chair/chair_0754.ply,1_front,1,143.45,104.05,76.68,89.59,90.11,11.18
chair/chair_0054.ply,1_front,1,100.30,102.20,152.44,158.48,137.71,25.23
